일자,종가,대비,등락률,시가,고가,저가,거래량,거래대금,시가총액,상장주식수
"2022/12/09","10150","190","1.91","9960","10150","9950","59320","596096150","190361707200","18754848"
"2022/12/08","9960","-90","-0.90","10050","10100","9900","112214","1118637780","186798286080","18754848"
"2022/12/07","10050","0","0.00","10000","10150","9980","54289","544586350","188486222400","18754848"
"2022/12/06","10050","-150","-1.47","10100","10300","10000","80793","815535750","188486222400","18754848"
"2022/12/05","10200","0","0.00","10150","10300","10000","107238","1090371000","191299449600","18754848"
"2022/12/02","10200","-100","-0.97","10300","10300","10100","70916","721810500","191299449600","18754848"
"2022/12/01","10300","360","3.62","10000","10400","9990","228566","2329234390","193174934400","18754848"
"2022/11/30","9940","-50","-0.50","10000","10200","9940","128483","1288076210","186423189120","18754848"
"2022/11/29","9990","230","2.36","9700","9990","9700","84559","837258140","187360931520","18754848"
"2022/11/28","9760","-200","-2.01","9970","9970","9720","129038","1264539910","183047316480","18754848"
"2022/11/25","9960","-40","-0.40","10100","10150","9960","132658","1328327340","186798286080","18754848"
"2022/11/24","10000","200","2.04","9800","10150","9800","211688","2113716260","187548480000","18754848"
"2022/11/23","9800","-170","-1.71","9970","10050","9800","292457","2885871490","183797510400","18754848"
"2022/11/22","9970","-10","-0.10","9980","10100","9940","138799","1387390300","186985834560","18754848"
"2022/11/21","9980","-320","-3.11","10300","10300","9970","267964","2688037380","187173383040","18754848"
"2022/11/18","10300","-50","-0.48","10350","10450","10250","184534","1905155050","193174934400","18754848"
"2022/11/17","10350","-50","-0.48","10400","10450","10250","155213","1601191000","194112676800","18754848"
"2022/11/16","10400","50","0.48","10500","10550","10200","349145","3612627100","195050419200","18754848"
"2022/11/15","10350","-1800","-14.81","11450","11550","10200","1292762","13751219900","194112676800","18754848"
"2022/11/14","12150","500","4.29","11650","12150","11600","120290","1430732100","227871403200","18754848"
"2022/11/11","11650","400","3.56","11800","11800","11450","85742","994036550","218493979200","18754848"
"2022/11/10","11250","-150","-1.32","11350","11550","11200","72359","818650900","210992040000","18754848"
"2022/11/09","11400","100","0.88","11350","11550","11250","78830","899346800","213805267200","18754848"
"2022/11/08","11300","250","2.26","11100","11350","10950","239771","2664482000","211929782400","18754848"
"2022/11/07","11050","-200","-1.78","11350","11350","11000","216023","2394775250","207241070400","18754848"
"2022/11/04","11250","-800","-6.64","11950","12000","11100","240252","2721160950","210992040000","18754848"
"2022/11/03","12050","-100","-0.82","12000","12150","11800","26482","316827750","225995918400","18754848"
"2022/11/02","12150","0","0.00","12150","12250","11950","13744","166714450","227871403200","18754848"
"2022/11/01","12150","250","2.10","11800","12200","11700","21128","254195350","227871403200","18754848"
"2022/10/31","11900","100","0.85","11800","12100","11650","17050","202412800","223182691200","18754848"
"2022/10/28","11800","100","0.85","11900","11900","11400","22976","269168250","221307206400","18754848"
"2022/10/27","11700","150","1.30","11550","11850","11550","18950","221973450","219431721600","18754848"
"2022/10/26","11550","-100","-0.86","11700","11750","11500","18400","213396100","216618494400","18754848"
"2022/10/25","11650","0","0.00","11650","11800","11600","14503","169363500","218493979200","18754848"
"2022/10/24","11650","200","1.75","11500","11700","11450","34841","402684600","218493979200","18754848"
"2022/10/21","11450","-300","-2.55","11750","11900","11350","53102","610916150","214743009600","18754848"
"2022/10/20","11750","-350","-2.89","12050","12200","11750","18986","225159250","220369464000","18754848"
"2022/10/19","12100","100","0.83","12150","12200","11800","60249","722154450","226933660800","18754848"
"2022/10/18","12000","-50","-0.41","12200","12750","11900","103638","1261185700","225058176000","18754848"
"2022/10/17","12050","-100","-0.82","11800","12050","11450","14914","176893050","225995918400","18754848"
"2022/10/14","12150","650","5.65","11850","12250","11700","29967","359993800","227871403200","18754848"
"2022/10/13","11500","-700","-5.74","12250","12250","11500","61462","718090950","215680752000","18754848"
"2022/10/12","12200","450","3.83","11750","12400","11450","66080","798352500","228809145600","18754848"
"2022/10/11","11750","50","0.43","11600","11750","11100","64448","737443400","220369464000","18754848"
"2022/10/07","11700","150","1.30","11550","11700","11400","33819","390489450","219431721600","18754848"
"2022/10/06","11550","-100","-0.86","11550","11800","11500","61136","709209300","216618494400","18754848"
"2022/10/05","11650","50","0.43","11650","11850","11250","52403","603879350","218493979200","18754848"
"2022/10/04","11600","100","0.87","11800","11800","11350","67848","781748600","217556236800","18754848"
"2022/09/30","11500","-100","-0.86","11500","11700","11000","190937","2135289800","215680752000","18754848"
"2022/09/29","11600","0","0.00","11800","12150","11600","44960","536159800","217556236800","18754848"
"2022/09/28","11600","-350","-2.93","11950","12350","11500","66630","790230450","217556236800","18754848"
"2022/09/27","11950","-400","-3.24","12250","12500","11700","107718","1287175150","224120433600","18754848"
"2022/09/26","12350","-1000","-7.49","13050","13050","12300","100361","1271694600","231622372800","18754848"
"2022/09/23","13350","-350","-2.55","13550","13600","13150","43459","577080800","250377220800","18754848"
"2022/09/22","13700","50","0.37","13650","13700","13250","32073","431997850","256941417600","18754848"
"2022/09/21","13650","400","3.02","13150","13700","13050","73318","987637900","256003675200","18754848"
"2022/09/20","13250","-50","-0.38","13400","13400","13100","42220","557264200","248501736000","18754848"
"2022/09/19","13300","-250","-1.85","13650","13650","13150","41480","548893750","249439478400","18754848"
"2022/09/16","13550","0","0.00","13500","13600","12950","127890","1696707500","254128190400","18754848"
"2022/09/15","13550","-400","-2.87","14000","14100","13400","83577","1139191550","254128190400","18754848"
"2022/09/14","13950","-100","-0.71","13650","14100","13600","45879","633881950","261630129600","18754848"
"2022/09/13","14050","150","1.08","14150","14250","13800","49851","697670250","263505614400","18754848"
"2022/09/08","13900","-350","-2.46","14250","14400","13750","110937","1549644850","260692387200","18754848"
"2022/09/07","14250","-250","-1.72","14200","14550","13900","137154","1945398900","267256584000","18754848"
"2022/09/06","14500","250","1.75","14200","14500","14050","43000","615744900","143604230000","9903740"
"2022/09/05","14250","-450","-3.06","14300","14500","13950","236189","3361863000","141128295000","9903740"
"2022/09/02","14700","-150","-1.01","14900","15050","14450","35715","525648000","145584978000","9903740"
"2022/09/01","14850","-50","-0.34","14750","14950","14500","44117","651113500","147070539000","9903740"
"2022/08/31","14900","100","0.68","14800","15000","14400","61536","905791350","134155726000","9003740"
"2022/08/30","14800","-600","-3.90","14650","14850","13950","208941","3036397150","133255352000","9003740"
"2022/08/29","15400","-850","-5.23","16000","16000","15300","38018","589872000","138657596000","9003740"
"2022/08/26","16250","-150","-0.91","16500","16600","16250","18645","304717850","146310775000","9003740"
"2022/08/25","16400","-400","-2.38","16850","16850","16400","35830","593156650","147661336000","9003740"
"2022/08/24","16800","50","0.30","16800","16900","16500","23802","397928900","151262832000","9003740"
"2022/08/23","16750","-300","-1.76","16500","16850","16500","38736","646639500","150812645000","9003740"
"2022/08/22","17050","50","0.29","16450","17050","16250","65015","1084716850","153513767000","9003740"
"2022/08/19","17000","0","0.00","16800","17150","16650","89183","1507979950","153063580000","9003740"
"2022/08/18","17000","-1950","-10.29","20350","20700","17000","624822","11295311250","153063580000","9003740"
"2022/08/17","18950","1031","5.75","18131","18950","17708","151062","5251189150","322784079000","9003740"
"2022/08/16","17919","290","1.65","18236","18236","17602","52554","1774229400","305226786000","9003740"
"2022/08/12","17629","265","1.52","17338","17840","17179","34165","1133272650","300274729000","9003740"
"2022/08/11","17364","26","0.15","17576","17576","17100","18254","594918400","295772859000","9003740"
"2022/08/10","17338","-26","-0.15","17311","17364","16915","14241","462860300","295322672000","9003740"
"2022/08/09","17364","581","3.46","16862","17576","16703","41977","1371358850","295772859000","9003740"
"2022/08/08","16783","-264","-1.55","16968","17126","16677","14629","464734950","285868745000","9003740"
"2022/08/05","17047","0","0.00","17047","17285","16836","15304","493709950","290370615000","9003740"
"2022/08/04","17047","264","1.57","16783","17126","16624","19652","628601450","290370615000","9003740"
"2022/08/03","16783","53","0.32","16730","16809","16624","10922","345742550","285868745000","9003740"
"2022/08/02","16730","79","0.48","16466","16809","16466","11607","364629550","284968371000","9003740"
"2022/08/01","16651","-264","-1.56","17021","17021","16413","17099","535638800","283617810000","9003740"
"2022/07/29","16915","238","1.43","16730","17021","16651","19711","627508750","288119680000","9003740"
"2022/07/28","16677","132","0.80","16545","16703","16386","16185","507685150","284067997000","9003740"
"2022/07/27","16545","-317","-1.88","16862","16941","16333","19767","619589750","281817062000","9003740"
"2022/07/26","16862","-185","-1.09","16888","17179","16545","16554","528168750","287219306000","9003740"
"2022/07/25","17047","-212","-1.23","17364","17364","16783","23629","761236400","290370615000","9003740"
"2022/07/22","17259","820","4.98","16386","17364","16333","57363","1847977650","293972111000","9003740"
"2022/07/21","16439","476","2.98","16096","16518","15831","20111","615332400","280016314000","9003740"
"2022/07/20","15963","52","0.33","16016","16096","15831","12887","388385500","271912948000","9003740"
"2022/07/19","15911","0","0.00","15858","15911","15699","10280","307238500","271012574000","9003740"
"2022/07/18","15911","106","0.67","15831","16043","15620","19950","595778300","271012574000","9003740"
"2022/07/15","15805","-264","-1.64","15937","16175","15646","18053","540561100","269211826000","9003740"
"2022/07/14","16069","264","1.67","15805","16122","15699","7248","218420800","273713696000","9003740"
"2022/07/13","15805","264","1.70","15541","15805","15382","14620","431307800","269211826000","9003740"
"2022/07/12","15541","-185","-1.18","15567","15699","15408","8838","258763150","264709956000","9003740"
"2022/07/11","15726","344","2.23","15382","15831","15276","24365","721786150","267861265000","9003740"
"2022/07/08","15382","-53","-0.34","15435","15541","15276","24027","698430450","262008834000","9003740"
"2022/07/07","15435","0","0.00","15435","15593","15303","11208","327759850","262909208000","9003740"
"2022/07/06","15435","-793","-4.89","16201","16201","15329","69732","2048479650","262909208000","9003740"
"2022/07/05","16228","675","4.34","15553","16435","15553","68386","2124105250","281366875000","9003740"
"2022/07/04","15553","26","0.17","15683","15838","15423","19843","594017600","269662013000","9003740"
"2022/07/01","15527","0","0.00","15760","15760","15423","10766","321732800","269211826000","9003740"
"2022/06/30","15527","-259","-1.64","15968","15968","15501","17695","533199600","269211826000","9003740"
"2022/06/29","15786","-234","-1.46","15942","16176","15683","25227","770733800","273713696000","9003740"
"2022/06/28","16020","493","3.18","15683","16046","15527","20610","627646100","277765379000","9003740"
"2022/06/27","15527","-26","-0.17","15605","15864","15397","21768","654641450","269211826000","9003740"
"2022/06/24","15553","987","6.77","14228","15553","14228","33193","953704250","269662013000","9003740"
"2022/06/23","14566","-571","-3.77","14878","15319","14410","51372","1457463400","252554907000","9003740"
"2022/06/22","15137","-831","-5.20","16150","16150","15137","31687","941443350","262459021000","9003740"
"2022/06/21","15968","26","0.16","16280","16306","15760","22880","703817250","276865005000","9003740"
"2022/06/20","15942","-857","-5.10","16825","16825","15942","27936","868550700","276414818000","9003740"
"2022/06/17","16799","182","1.09","16384","16799","15994","22406","708796600","291270989000","9003740"
"2022/06/16","16617","182","1.11","16799","17033","16539","18613","601330950","288119680000","9003740"
"2022/06/15","16435","-208","-1.25","16643","16695","16228","23710","747720200","284968371000","9003740"
"2022/06/14","16643","-390","-2.29","16565","16877","15994","67706","2136626800","288569867000","9003740"
"2022/06/13","17033","-649","-3.67","17604","17604","16721","44540","1457920600","295322672000","9003740"
"2022/06/10","17682","182","1.04","17500","17734","17188","25124","844540600","306577347000","9003740"
"2022/06/09","17500","286","1.66","17162","17682","16695","63492","2100133000","303426038000","9003740"
"2022/06/08","17214","-624","-3.49","18513","18824","17059","144074","4951447600","298473981000","9003740"
"2022/06/07","17838","-233","-1.29","17993","18175","17760","11716","405171150","309278469000","9003740"
"2022/06/03","18071","-182","-1.00","18331","18331","17915","14185","491545850","313330152000","9003740"
"2022/06/02","18253","-182","-0.99","18409","18409","17682","27773","961130400","316481461000","9003740"
"2022/05/31","18435","26","0.14","18461","18461","17993","10900","381718650","319632770000","9003740"
"2022/05/30","18409","364","2.01","18175","18409","18045","11922","419543450","319182583000","9003740"
"2022/05/27","18045","623","3.58","17526","18045","17526","13819","475423100","312879965000","9003740"
"2022/05/26","17422","311","1.82","17396","17552","17111","14263","477696200","302075477000","9003740"
"2022/05/25","17111","-233","-1.35","17474","17734","17085","28824","963829150","296673233000","9003740"
"2022/05/24","17344","-390","-2.20","17864","17941","17318","16107","542350000","300724916000","9003740"
"2022/05/23","17734","0","0.00","18175","18279","17708","15073","518394750","307477721000","9003740"
"2022/05/20","17734","-882","-4.74","18591","18591","17240","83668","2884664950","307477721000","9003740"
"2022/05/19","18616","-546","-2.85","18694","18928","18305","47948","1711191800","322784079000","9003740"
"2022/05/18","19162","-311","-1.60","19577","19655","18694","60122","2216321700","332238006000","9003740"
"2022/05/17","19473","-961","-4.70","20200","20200","19266","59608","2246589150","337640250000","9003740"
"2022/05/16","20434","260","1.29","20174","20590","19941","18024","703964350","354297169000","9003740"
"2022/05/13","20174","259","1.30","20019","20252","19811","15719","609004500","349795299000","9003740"
"2022/05/12","19915","78","0.39","19733","20356","19655","17046","657306850","345293429000","9003740"
"2022/05/11","19837","312","1.60","19629","19837","19473","9044","343388350","343942868000","9003740"
"2022/05/10","19525","-545","-2.72","19525","19733","19318","17687","662806650","338540624000","9003740"
"2022/05/09","20070","25","0.13","19993","20148","19214","32648","1233976350","347994551000","9003740"
"2022/05/06","20045","-233","-1.15","20226","20460","19993","8065","312070250","347544364000","9003740"
"2022/05/04","20278","-234","-1.14","20512","20616","20200","9245","363305250","351596047000","9003740"
"2022/05/03","20512","-156","-0.75","20668","20720","20408","4139","163891450","355647730000","9003740"
"2022/05/02","20668","364","1.79","20252","20694","20070","11433","452389100","358348852000","9003740"
"2022/04/29","20304","130","0.64","19993","20356","19915","9433","365341100","352046234000","9003740"
"2022/04/28","20174","78","0.39","20045","20408","19915","10576","409026800","349795299000","9003740"
"2022/04/27","20096","-416","-2.03","19837","20408","19785","7931","308198350","348444738000","9003740"
"2022/04/26","20512","390","1.94","20148","20538","20148","7771","305821050","355647730000","9003740"
"2022/04/25","20122","-364","-1.77","20460","20590","20122","12274","478682000","348894925000","9003740"
"2022/04/22","20486","78","0.38","20460","20564","20278","17958","706199000","355197543000","9003740"
"2022/04/21","20408","26","0.13","20252","20772","20252","16972","671675450","353846982000","9003740"
"2022/04/20","20382","-364","-1.75","20772","20797","20252","39513","1550920150","353396795000","9003740"
"2022/04/19","20746","-129","-0.62","21135","21135","20434","28112","1118173250","359699413000","9003740"
"2022/04/18","20875","-390","-1.83","21265","21265","20772","8981","362907050","361950348000","9003740"
"2022/04/15","21265","260","1.24","21083","21291","20772","10124","411833450","368703153000","9003740"
"2022/04/14","21005","-78","-0.37","21083","21213","20849","14439","585115450","364201283000","9003740"
"2022/04/13","21083","493","2.40","20590","21109","20590","13911","562984600","365551844000","9003740"
"2022/04/12","20590","-130","-0.63","20486","20927","20382","11736","465086000","356998291000","9003740"
"2022/04/11","20720","0","0.00","20720","20901","20538","8041","320986500","359249226000","9003740"
"2022/04/08","20720","156","0.76","20590","21005","20460","12505","496472900","359249226000","9003740"
"2022/04/07","20564","-208","-1.00","20746","20979","20304","26383","1048253950","356548104000","9003740"
"2022/04/06","20772","-207","-0.99","20927","21031","20668","9976","399441850","360149600000","9003740"
"2022/04/05","20979","78","0.37","20875","21083","20823","8532","344115150","363751096000","9003740"
"2022/04/04","20901","129","0.63","20720","21005","20720","7305","293717250","362400535000","9003740"
"2022/04/01","20772","-207","-0.99","20979","21031","20668","22250","889689450","360149600000","9003740"
"2022/03/31","20979","-520","-2.42","21499","21550","20927","32017","1301551200","363751096000","9003740"
"2022/03/30","21499","883","4.28","20746","21499","20382","35193","1432696800","372754836000","9003740"
"2022/03/29","20616","-259","-1.24","20875","20953","20356","41116","1633434150","357448478000","9003740"
"2022/03/28","20875","-520","-2.43","21447","21447","20823","54461","2207896600","361950348000","9003740"
"2022/03/25","21395","-285","-1.32","21680","21784","21395","7917","327667500","370954088000","9003740"
"2022/03/24","21680","337","1.58","21135","21732","21109","17683","731913250","375906145000","9003740"
"2022/03/23","21343","-78","-0.36","21602","21602","21187","17966","737891250","370053714000","9003740"
"2022/03/22","21421","130","0.61","21291","21576","21187","11114","457188000","371404275000","9003740"
"2022/03/21","21291","-441","-2.03","22823","22823","21213","71026","2980082800","369153340000","9003740"
"2022/03/18","21732","52","0.24","21680","21810","21473","10514","439407650","376806519000","9003740"
"2022/03/17","21680","363","1.71","21524","21836","21031","27449","1132195250","375906145000","9003740"
"2022/03/16","21317","-207","-0.97","21421","21680","20927","21633","888712000","369603527000","9003740"
"2022/03/15","21524","-338","-1.54","21862","21914","21291","19010","786622300","373205023000","9003740"
"2022/03/14","21862","-312","-1.41","22174","22174","21680","16812","708005600","379057454000","9003740"
"2022/03/11","22174","156","0.71","22018","22329","21628","28238","1197386150","384459698000","9003740"
"2022/03/10","22018","104","0.47","21966","22096","21395","42243","1774725450","381758576000","9003740"
"2022/03/08","21914","364","1.69","21161","22511","21031","162313","6917230250","379957828000","9003740"
"2022/03/07","21550","571","2.72","20694","21862","20434","71298","2937125850","373655210000","9003740"
"2022/03/04","20979","0","0.00","20979","20979","20538","22369","894213550","363751096000","9003740"
"2022/03/03","20979","675","3.32","20512","21083","20408","28058","1127598350","363751096000","9003740"
"2022/03/02","20304","26","0.13","20252","20382","20045","16526","644141100","352046234000","9003740"
"2022/02/28","20278","-234","-1.14","20356","20408","19993","14965","580818700","351596047000","9003740"
"2022/02/25","20512","519","2.60","20045","20642","19967","42125","1648690350","355647730000","9003740"
"2022/02/24","19993","-779","-3.75","20642","20772","19499","51952","2006989250","346643990000","9003740"
"2022/02/23","20772","572","2.83","20512","20927","20304","37323","1488277400","360149600000","9003740"
"2022/02/22","20200","-623","-2.99","20720","21031","20200","34914","1384055300","350245486000","9003740"
"2022/02/21","20823","155","0.75","20538","21109","20252","43198","1725346950","361049974000","9003740"
"2022/02/18","20668","-78","-0.38","20590","21524","20122","92028","3696892600","358348852000","9003740"
"2022/02/17","20746","831","4.17","19993","21135","19941","89278","3572900400","359699413000","9003740"
"2022/02/16","19915","390","1.99","19785","19941","19629","9939","379670000","345293429000","9003740"
"2022/02/15","19525","-571","-2.84","20096","20200","19447","10583","401485500","338540624000","9003740"
"2022/02/14","20096","-104","-0.51","19941","20200","19499","16448","631406800","348444738000","9003740"
"2022/02/11","20200","389","1.97","19733","20538","19603","31452","1226527350","350245486000","9003740"
"2022/02/10","19811","234","1.19","19681","20148","19603","19820","761473500","343492681000","9003740"
"2022/02/09","19577","234","1.21","19343","19577","19318","10742","403095200","339440998000","9003740"
"2022/02/08","19343","51","0.27","19318","19629","19110","8169","304749900","335389315000","9003740"
"2022/02/07","19292","-649","-3.26","20304","20304","19188","31679","1193929950","334488941000","9003740"
"2022/02/04","19941","312","1.59","19681","19993","19525","13634","520950150","345743616000","9003740"
"2022/02/03","19629","0","0.00","19837","20045","19110","34281","1295575850","340341372000","9003740"
"2022/01/28","19629","571","3.00","19343","19655","18435","45120","1664408550","340341372000","9003740"
"2022/01/27","19058","-675","-3.42","20045","20045","18954","32944","1233886650","330437258000","9003740"
"2022/01/26","19733","-182","-0.91","19759","20096","19525","41684","1593272450","342142120000","9003740"
"2022/01/25","19915","182","0.92","19733","20174","19525","29448","1124276050","345293429000","9003740"
"2022/01/24","19733","-182","-0.91","19785","20122","19318","41840","1582893100","342142120000","9003740"
"2022/01/21","19915","-805","-3.88","20772","20797","19915","30922","1212649700","345293429000","9003740"
"2022/01/20","20720","1506","7.84","19447","21291","19447","128314","5083357050","359249226000","9003740"
"2022/01/19","19214","-389","-1.99","19266","19577","19188","9831","365055800","333138380000","9003740"
"2022/01/18","19603","52","0.27","19629","19733","19136","17311","646697200","339891185000","9003740"
"2022/01/17","19551","337","1.76","19214","19941","19032","21659","812210550","338990811000","9003740"
"2022/01/14","19214","-519","-2.63","19733","19915","19214","34125","1280905850","333138380000","9003740"
"2022/01/13","19733","104","0.53","19837","20122","19577","33282","1268677950","342142120000","9003740"
"2022/01/12","19629","234","1.20","19681","19759","19343","18702","704106950","340341372000","9003740"
"2022/01/11","19395","415","2.19","18980","19447","18798","21452","792512300","336289689000","9003740"
"2022/01/10","18980","260","1.39","18746","18980","18461","17239","621811250","329086697000","9003740"
"2022/01/07","18720","52","0.28","18668","18954","18435","16670","597260550","324584827000","9003740"
"2022/01/06","18668","-779","-4.01","19058","19240","18591","27006","980054300","323684453000","9003740"
"2022/01/05","19447","-338","-1.71","19681","19681","19136","8873","331172550","337190063000","9003740"
"2022/01/04","19785","182","0.93","19577","19837","19369","15918","601269750","343042494000","9003740"
"2022/01/03","19603","-364","-1.82","20122","20122","19266","20544","774143150","339891185000","9003740"
"2021/12/30","19967","701","3.64","19188","20096","19188","27902","1057458800","346193803000","9003740"
"2021/12/29","19266","234","1.23","19214","19343","18902","22830","844737650","334038754000","9003740"
"2021/12/28","19032","805","4.42","18435","19058","18305","56738","2064552100","329987071000","9003740"
"2021/12/27","18227","-104","-0.57","18331","18435","18149","10919","384423850","316031274000","9003740"
"2021/12/24","18331","78","0.43","18331","18435","18175","14767","521095350","317832022000","9003740"
"2021/12/23","18253","208","1.15","17993","18253","17864","17168","599818000","316481461000","9003740"
"2021/12/22","18045","-390","-2.11","18461","18461","18019","13493","471874700","312879965000","9003740"
"2021/12/21","18435","208","1.14","18227","18435","17760","20084","702084100","319632770000","9003740"
"2021/12/20","18227","26","0.14","18071","18383","17838","20835","728246800","316031274000","9003740"
"2021/12/17","18201","286","1.59","17941","18357","17552","25955","894205600","315581087000","9003740"
"2021/12/16","17915","-312","-1.71","18253","18642","17656","34533","1188180850","310629030000","9003740"
"2021/12/15","18227","-364","-1.96","18591","18694","18201","16130","572362050","316031274000","9003740"
"2021/12/14","18591","-77","-0.42","18487","18876","18201","11512","408245650","322333892000","9003740"
"2021/12/13","18668","-364","-1.91","19032","19058","18591","10438","379544200","323684453000","9003740"
"2021/12/10","19032","-52","-0.27","19084","19214","18850","6729","246240800","329987071000","9003740"
"2021/12/09","19084","130","0.68","18954","19214","18928","14918","549428150","330887445000","9003740"
"2021/12/08","18954","-286","-1.48","19473","19473","18798","38258","1401989000","328636510000","9003740"
"2021/12/07","19240","1091","6.01","18565","19421","18565","146411","5383276800","333588567000","9003740"
"2021/12/06","18149","753","4.33","17318","18227","17085","41954","1439930750","314680713000","9003740"
"2021/12/03","17396","104","0.60","16955","17422","16929","28380","942773450","301625290000","9003740"
"2021/12/02","17292","519","3.10","16747","17370","16410","31581","1039748200","299824542000","9003740"
"2021/12/01","16773","338","2.05","16539","16825","16228","35662","1139384150","290820802000","9003740"
"2021/11/30","16435","-442","-2.62","17033","17111","16358","39596","1279283400","284968371000","9003740"
"2021/11/29","16877","-285","-1.66","16851","17474","16669","25304","827947800","292621550000","9003740"
"2021/11/26","17162","181","1.07","17137","17448","16877","33352","1105370900","297573607000","9003740"
"2021/11/25","16981","-26","-0.15","17137","17137","16435","61177","1979547100","294422298000","9003740"
"2021/11/24","17007","-259","-1.50","17422","17448","16773","44746","1464946050","294872485000","9003740"
"2021/11/23","17266","129","0.76","17188","17422","16929","43514","1432271100","299374355000","9003740"
"2021/11/22","17137","-519","-2.94","17734","17734","17059","79302","2633569850","297123420000","9003740"
"2021/11/19","17656","78","0.44","17708","17760","17188","53856","1818052500","306127160000","9003740"
"2021/11/18","17578","-441","-2.45","18019","18019","17266","66731","2253823600","304776599000","9003740"
"2021/11/17","18019","-286","-1.56","18409","18409","17941","26940","935631000","312429778000","9003740"
"2021/11/16","18305","-623","-3.29","18980","18980","18201","42894","1515072100","317381835000","9003740"
"2021/11/15","18928","182","0.97","18746","18954","18071","70054","2494364800","328186323000","9003740"
"2021/11/12","18746","467","2.56","17682","18980","17552","73223","2598178800","325035014000","9003740"
"2021/11/11","18279","-208","-1.12","18305","18565","18071","38095","1330791650","316931648000","9003740"
"2021/11/10","18487","-519","-2.73","19006","19006","18331","29693","1061145200","320533144000","9003740"
"2021/11/09","19006","-130","-0.68","19084","19292","18746","23900","873044800","329536884000","9003740"
"2021/11/08","19136","-104","-0.54","19032","19240","18824","13490","494961650","331787819000","9003740"
"2021/11/05","19240","-78","-0.40","19318","19499","18798","41547","1525854800","333588567000","9003740"
"2021/11/04","19318","104","0.54","19240","19655","19162","37487","1397169550","334939128000","9003740"
"2021/11/03","19214","-1194","-5.85","20356","20356","19214","97814","3695739000","333138380000","9003740"
"2021/11/02","20408","-415","-2.00","21161","21161","20200","57991","2288509150","353846982000","9003740"
"2021/11/01","20823","-727","-3.37","21550","21784","20512","50794","2038407500","361049974000","9003740"
"2021/10/29","21550","0","0.00","21706","21706","21291","11064","457385900","373655210000","9003740"
"2021/10/28","21550","-130","-0.60","21836","22122","21473","18777","788331150","373655210000","9003740"
"2021/10/27","21680","-364","-1.65","22226","22615","21499","36077","1519137200","375906145000","9003740"
"2021/10/26","22044","623","2.91","21550","22122","21317","19104","798826250","382208763000","9003740"
"2021/10/25","21421","156","0.73","21447","21550","21135","9604","394573750","371404275000","9003740"
"2021/10/22","21265","390","1.87","21109","21654","21109","36737","1515509650","368703153000","9003740"
"2021/10/21","20875","-260","-1.23","21135","21992","20823","31145","1278693500","361950348000","9003740"
"2021/10/20","21135","-338","-1.57","21499","21654","21031","13416","549531650","366452218000","9003740"
"2021/10/19","21473","442","2.10","21031","21602","20901","20388","832540950","372304649000","9003740"
"2021/10/18","21031","-26","-0.12","20927","21135","20772","17463","705025900","364651470000","9003740"
"2021/10/15","21057","-182","-0.86","21265","21343","20823","22577","913505800","365101657000","9003740"
"2021/10/14","21239","467","2.25","20927","21291","20823","14080","570239650","368252966000","9003740"
"2021/10/13","20772","78","0.38","20694","21031","20642","24280","972897050","360149600000","9003740"
"2021/10/12","20694","-155","-0.75","21057","21057","20512","27905","1115924550","358799039000","9003740"
"2021/10/08","20849","-598","-2.78","21447","21706","20772","24518","995986050","361500161000","9003740"
"2021/10/07","21447","390","1.85","21395","21524","21135","9036","372125600","371854462000","9003740"
"2021/10/06","21057","-104","-0.49","21187","21550","20772","16148","657161600","365101657000","9003740"
"2021/10/05","21161","-649","-2.98","21550","21628","20927","44049","1800029500","366902405000","9003740"
"2021/10/01","21810","-623","-2.78","22433","22485","21784","17896","756062000","378157080000","9003740"
"2021/09/30","22433","415","1.89","22018","22485","21940","14931","641139050","388961568000","9003740"
"2021/09/29","22018","-259","-1.17","21810","22277","21550","31897","1339950450","381758576000","9003740"
"2021/09/28","22277","-26","-0.12","21888","22381","21888","26293","1118499450","386260446000","9003740"
"2021/09/27","22303","-364","-1.60","22667","22901","22277","28990","1257740300","386710633000","9003740"
"2021/09/24","22667","182","0.81","22329","22953","22329","35825","1566242450","393013251000","9003740"
"2021/09/23","22485","-727","-3.13","23004","23082","22407","58804","2561481250","389861942000","9003740"
"2021/09/17","23212","0","0.00","23368","23368","22849","40616","1806985550","402467178000","9003740"
"2021/09/16","23212","-156","-0.67","23550","23550","22979","27274","1214234350","402467178000","9003740"
"2021/09/15","23368","130","0.56","23212","23498","23030","22444","1003494150","405168300000","9003740"
"2021/09/14","23238","-390","-1.65","23498","23628","23238","31117","1396820000","402917365000","9003740"
"2021/09/13","23628","-259","-1.09","23887","23965","23186","29986","1349466750","409670170000","9003740"
"2021/09/10","23887","259","1.10","23861","24121","23394","29224","1341587100","414172040000","9003740"
"2021/09/09","23628","156","0.66","23472","23887","23264","23283","1061305400","409670170000","9003740"
"2021/09/08","23472","0","0.00","23446","23628","23212","18786","849172100","406969048000","9003740"
"2021/09/07","23472","156","0.67","23628","23628","23186","23337","1049016100","406969048000","9003740"
"2021/09/06","23316","312","1.35","23368","23576","23160","31233","1405295000","404267926000","9003740"
"2021/09/03","23004","181","0.80","22875","23030","22745","17847","786903300","398865682000","9003740"
"2021/09/02","22823","-156","-0.68","23056","23134","22719","19132","842384400","395714373000","9003740"
"2021/09/01","22979","156","0.68","23108","23108","22693","26808","1176467500","398415495000","9003740"
"2021/08/31","22823","-52","-0.23","22875","23134","22641","44158","1935038600","395714373000","9003740"
"2021/08/30","22875","-233","-1.01","23342","23342","22797","36174","1597888000","396614747000","9003740"
"2021/08/27","23108","0","0.00","22901","23550","22901","26751","1198760950","400666430000","9003740"
"2021/08/26","23108","-312","-1.33","23420","23602","23030","36828","1647120650","400666430000","9003740"
"2021/08/25","23420","-286","-1.20","23706","23887","23264","42598","1920533750","406068674000","9003740"
"2021/08/24","23706","0","0.00","23887","24251","23446","26628","1226502700","411020731000","9003740"
"2021/08/23","23706","494","2.13","23446","23887","23290","29306","1334673200","411020731000","9003740"
"2021/08/20","23212","-727","-3.04","23965","24251","23160","61001","2766500350","402467178000","9003740"
"2021/08/19","23939","-779","-3.15","24900","24900","23654","68517","3162929350","415072414000","9003740"
"2021/08/18","24718","1168","4.96","24095","24978","23550","76060","3556319850","428578024000","9003740"
"2021/08/17","23550","-545","-2.26","24095","24173","23550","69752","3190434150","408319609000","9003740"
"2021/08/13","24095","-623","-2.52","24614","25108","23861","90955","4252293300","417773536000","9003740"
"2021/08/12","24718","104","0.42","24510","25160","24510","24623","1181398200","428578024000","9003740"
"2021/08/11","24614","-468","-1.86","24926","25160","24614","30919","1479814750","426777276000","9003740"
"2021/08/10","25082","-519","-2.03","25887","25887","24926","42674","2065588050","434880642000","9003740"
"2021/08/09","25601","441","1.75","25211","25938","25004","53797","2646984850","443884382000","9003740"
"2021/08/06","25160","0","0.00","25134","25237","24874","18903","914079850","436231203000","9003740"
"2021/08/05","25160","-25","-0.10","25211","25315","24848","32745","1577445600","436231203000","9003740"
"2021/08/04","25185","51","0.21","25160","25315","25082","29340","1420944500","436681390000","9003740"
"2021/08/03","25134","0","0.00","24926","25237","24822","30455","1471028650","435781016000","9003740"
"2021/08/02","25134","-51","-0.21","25185","25289","24692","40688","1968110250","435781016000","9003740"
"2021/07/30","25185","-78","-0.31","25134","25549","25056","36743","1786920550","436681390000","9003740"
"2021/07/29","25263","-52","-0.21","25523","25679","25056","49465","2413597200","438031951000","9003740"
"2021/07/28","25315","52","0.21","25263","25705","24926","57388","2809252050","438932325000","9003740"
"2021/07/27","25263","467","1.88","24926","25627","24770","55558","2706313150","438031951000","9003740"
"2021/07/26","24796","-597","-2.35","25185","25393","24588","57558","2760578100","429928585000","9003740"
"2021/07/23","25393","1168","4.82","24225","25419","24199","107432","5185959600","440282886000","9003740"
"2021/07/22","24225","-156","-0.64","24381","24796","24069","57648","2704488500","420024471000","9003740"
"2021/07/21","24381","-389","-1.57","24770","25030","24069","75184","3538983200","422725593000","9003740"
"2021/07/20","24770","-675","-2.65","24926","25315","24407","80655","3850396800","429478398000","9003740"
"2021/07/19","25445","-467","-1.80","25653","25705","24874","82416","4017836650","441183260000","9003740"
"2021/07/16","25912","623","2.46","25289","26328","25211","182899","9154377900","449286626000","9003740"
"2021/07/15","25289","-130","-0.51","25393","25601","24952","86369","4208716700","438482138000","9003740"
"2021/07/14","25419","961","3.93","24822","25601","24666","242522","11794215650","440733073000","9003740"
"2021/07/13","24458","77","0.32","24199","24640","24199","72401","3414253350","424076154000","9003740"
"2021/07/12","24381","312","1.29","24355","24614","24043","119604","5606253700","422725593000","9003740"
"2021/07/09","24069","182","0.76","23887","24095","23290","102545","4691640650","417323349000","9003740"
"2021/07/08","23887","0","0.00","23887","24199","23472","92289","4240986950","414172040000","9003740"
"2021/07/07","23887","623","2.68","23264","24017","23264","99270","4546455850","414172040000","9003740"
"2021/07/06","23264","285","1.24","23342","23835","23160","99306","4493007900","403367552000","9003740"
"2021/07/05","22979","78","0.34","22875","23056","22823","41177","1823170350","398415495000","9003740"
"2021/07/02","22901","-78","-0.34","23030","23056","22745","34444","1518872350","397064934000","9003740"
"2021/07/01","22979","0","0.00","22979","23082","22849","31398","1387187850","398415495000","9003740"
"2021/06/30","22979","156","0.68","23030","23160","22823","55308","2447251300","398415495000","9003740"
"2021/06/29","22823","0","0.00","23030","23030","22641","36734","1613590900","395714373000","9003740"
"2021/06/28","22823","546","2.45","22485","23030","22459","67446","2958741450","395714373000","9003740"
"2021/06/25","22277","51","0.23","22407","22459","22226","37442","1606452000","386260446000","9003740"
"2021/06/24","22226","-103","-0.47","22459","22485","22226","41727","1790290700","385360072000","9003740"
"2021/06/23","22329","-130","-0.58","22459","22511","22277","52257","2248151100","387160820000","9003740"
"2021/06/22","22459","-52","-0.23","22693","22875","22407","36122","1569703550","389411755000","9003740"
"2021/06/21","22511","-545","-2.36","23004","23004","22381","61902","2695055350","390312129000","9003740"
"2021/06/18","23056","311","1.37","22797","23212","22771","69737","3100003500","399766056000","9003740"
"2021/06/17","22745","156","0.69","22589","22823","22563","21337","932862000","394363812000","9003740"
"2021/06/16","22589","-260","-1.14","22849","23108","22563","50606","2213856200","391662690000","9003740"
"2021/06/15","22849","-363","-1.57","23212","23368","22719","49698","2193196400","396164560000","9003740"
"2021/06/14","23212","52","0.22","23342","23472","23004","46921","2099598800","402467178000","9003740"
"2021/06/11","23160","441","1.94","22797","23160","22797","34388","1523415000","401566804000","9003740"
"2021/06/10","22719","416","1.86","22329","23056","22329","167458","7332551700","393913625000","9003740"
"2021/06/09","22303","-546","-2.39","23056","23082","22303","78226","3394847248","386710633000","9003740"
"2021/06/08","22849","52","0.23","22901","23446","22797","71979","3195257550","396164560000","9003740"
"2021/06/07","22797","-130","-0.57","22979","23160","22745","68878","3037187000","395264186000","9003740"
"2021/06/04","22927","-181","-0.79","23108","23368","22901","48584","2159293650","397515121000","9003740"
"2021/06/03","23108","-312","-1.33","23472","23550","23082","76067","3401361950","400666430000","9003740"
"2021/06/02","23420","-701","-2.91","23913","24121","23368","79209","3600218800","406068674000","9003740"
"2021/06/01","24121","-78","-0.32","24329","24900","23628","109573","5098973250","418223723000","9003740"
"2021/05/31","24199","286","1.19","23861","24329","23420","72549","3363432150","419574284000","9003740"
"2021/05/28","23913","-649","-2.64","24562","24796","23861","66813","3107891550","414622227000","9003740"
"2021/05/27","24562","-104","-0.42","24666","24744","24017","51594","2419655550","425876902000","9003740"
"2021/05/26","24666","-727","-2.86","25341","25419","24458","95106","4535303500","427677650000","9003740"
"2021/05/25","25393","779","3.16","24614","25393","24381","98599","4746895700","440282886000","9003740"
"2021/05/24","24614","363","1.50","24121","24666","23783","59924","2805773100","426777276000","9003740"
"2021/05/21","24251","-649","-2.61","24978","25004","23887","77928","3651086800","420474658000","9003740"
"2021/05/20","24900","208","0.84","24381","25082","24355","125196","5997869700","431729333000","9003740"
"2021/05/18","24692","208","0.85","24666","24796","24043","108027","5087659700","428127837000","9003740"
"2021/05/17","24484","597","2.50","24407","24900","23913","172290","8124711400","424526341000","9003740"
"2021/05/14","23887","52","0.22","23835","24121","23550","56947","2604819250","414172040000","9003740"
"2021/05/13","23835","181","0.77","23082","24095","22979","115306","5260676400","413271666000","9003740"
"2021/05/12","23654","26","0.11","23731","24147","23238","114227","5234123050","410120357000","9003740"
"2021/05/11","23628","26","0.11","23472","23706","22901","68334","3065915400","409670170000","9003740"
"2021/05/10","23602","494","2.13","23134","23861","23004","85268","3876573100","409219983000","9003740"
"2021/05/07","23108","181","0.79","22953","23212","22589","52754","2335425450","400666430000","9003740"
"2021/05/06","22927","234","1.03","23056","23056","22589","60395","2650979200","397515121000","9003740"
"2021/05/04","22693","156","0.69","22615","23108","21706","96133","4121404200","393463438000","9003740"
"2021/05/03","22537","623","2.84","22200","23108","22096","99363","4336023600","390762316000","9003740"
"2021/04/30","21914","-571","-2.54","22407","22719","21888","69510","2960151100","379957828000","9003740"
"2021/04/29","22485","-831","-3.56","23524","23524","22381","89178","3903799300","389861942000","9003740"
"2021/04/28","23316","-597","-2.50","23939","24147","23082","172164","7798445400","404267926000","9003740"
"2021/04/27","23913","986","4.30","22901","23913","22537","149318","6723696350","414622227000","9003740"
"2021/04/26","22927","-830","-3.50","23446","23498","22849","104903","4670155500","397515121000","9003740"
"2021/04/23","23757","77","0.33","23524","23965","23030","153339","6999579050","411921105000","9003740"
"2021/04/22","23680","-1246","-5.00","25549","25679","23472","413953","19318410900","410570544000","9003740"
"2021/04/21","24926","2233","9.84","22927","24926","22797","507758","23573795250","432179520000","9003740"
"2021/04/20","22693","623","2.82","22070","22849","21758","130163","5637381350","393463438000","9003740"
"2021/04/19","22070","-78","-0.35","22226","22303","21784","57726","2453647150","382658950000","9003740"
"2021/04/16","22148","546","2.52","21602","22277","21343","120858","5127392900","384009511000","9003740"
"2021/04/15","21602","-182","-0.83","21784","21810","21447","53323","2215356100","374555584000","9003740"
"2021/04/14","21784","-26","-0.12","21810","21940","21524","55961","2350494150","377706893000","9003740"
"2021/04/13","21810","675","3.19","21291","21862","21265","89685","3742963750","378157080000","9003740"
"2021/04/12","21135","-208","-0.97","21524","21524","20979","50133","2038030600","366452218000","9003740"
"2021/04/09","21343","0","0.00","21213","21576","21187","38011","1561795050","370053714000","9003740"
"2021/04/08","21343","-285","-1.32","21628","21654","21187","44040","1810965850","370053714000","9003740"
"2021/04/07","21628","129","0.60","21499","21654","21213","23404","968833600","375005771000","9003740"
"2021/04/06","21499","-545","-2.47","22148","22148","21421","45811","1905840000","372754836000","9003740"
"2021/04/05","22044","597","2.78","21862","22174","21732","101591","4287390600","382208763000","9003740"
"2021/04/02","21447","442","2.10","21005","21499","20772","52709","2144110400","371854462000","9003740"
"2021/04/01","21005","-26","-0.12","21031","21395","20979","28653","1163333500","364201283000","9003740"
"2021/03/31","21031","-390","-1.82","21395","21473","20979","53729","2186051400","364651470000","9003740"
"2021/03/30","21421","78","0.36","21369","21628","21187","28855","1190265650","371404275000","9003740"
"2021/03/29","21343","-934","-4.20","22277","22277","21161","90898","3778966800","370053714000","9003740"
"2021/03/26","22277","467","2.14","22044","22485","21810","76042","3256070400","386260446000","9003740"
"2021/03/25","21810","0","0.00","21602","22044","21602","43047","1810075200","378157080000","9003740"
"2021/03/24","21810","78","0.36","21550","22044","21369","74603","3129974500","378157080000","9003740"
"2021/03/23","21732","-494","-2.22","22096","22148","21628","89264","3744446100","376806519000","9003740"
"2021/03/22","22226","130","0.59","22174","22719","21628","144232","6134802600","385360072000","9003740"
"2021/03/19","22096","1065","5.06","20979","22537","20797","204904","8715661850","383109137000","9003740"
"2021/03/18","21031","-442","-2.06","21550","21550","20953","45244","1846926850","364651470000","9003740"
"2021/03/17","21473","598","2.86","20901","21550","20616","101236","4141676600","372304649000","9003740"
"2021/03/16","20875","415","2.03","20512","20927","20486","38855","1551371300","361950348000","9003740"
"2021/03/15","20460","-260","-1.25","20720","20720","20356","30340","1196790650","354747356000","9003740"
"2021/03/12","20720","-129","-0.62","21083","21083","20538","39891","1595871500","359249226000","9003740"
"2021/03/11","20849","207","1.01","21135","21135","20564","34733","1390719250","361500161000","9003740"
"2021/03/10","20642","-311","-1.49","21031","21265","20434","40921","1634069800","357898665000","9003740"
"2021/03/09","20953","52","0.25","21083","21083","20564","41474","1662144650","363300909000","9003740"
"2021/03/08","20901","-78","-0.37","21291","21628","20901","77997","3202054400","362400535000","9003740"
"2021/03/05","20979","182","0.87","20538","21005","20304","54565","2168785600","363751096000","9003740"
"2021/03/04","20797","-104","-0.50","20772","20927","20382","61620","2450867000","360599787000","9003740"
"2021/03/03","20901","441","2.16","20668","21239","20590","69182","2781827200","362400535000","9003740"
"2021/03/02","20460","312","1.55","20330","20823","20070","68573","2709160550","354747356000","9003740"
"2021/02/26","20148","-442","-2.14","20382","20382","19759","55191","2128224950","349345112000","9003740"
"2021/02/25","20590","208","1.02","20590","20797","20382","37229","1475491650","356998291000","9003740"
"2021/02/24","20382","-779","-3.68","21161","21239","20304","79537","3171751650","353396795000","9003740"
"2021/02/23","21161","-519","-2.40","21395","21576","20901","64202","2630217000","366902405000","9003740"
"2021/02/22","21680","337","1.58","21473","21992","21213","122155","5091304100","375906145000","9003740"
"2021/02/19","21343","0","0.00","21369","21706","20772","89684","3673265250","370053714000","9003740"
"2021/02/18","21343","364","1.73","20953","21550","20746","94329","3858187050","370053714000","9003740"
"2021/02/17","20979","-156","-0.74","20953","21135","20746","64503","2597014600","363751096000","9003740"
"2021/02/16","21135","-260","-1.21","21291","21550","20927","105605","4305873800","366452218000","9003740"
"2021/02/15","21395","1143","5.64","20538","21654","20538","271780","11061828800","370954088000","9003740"
"2021/02/10","20252","207","1.04","20512","20512","19629","99342","3845388300","351145860000","9003740"
"2021/02/09","20045","650","3.35","19603","20148","19369","98250","3753728000","347544364000","9003740"
"2021/02/08","19395","-26","-0.13","19188","19577","19162","41087","1529565800","336289689000","9003740"
"2021/02/05","19421","-52","-0.27","19318","19707","19266","24034","895418900","336739876000","9003740"
"2021/02/04","19473","-130","-0.66","19473","19629","19188","23845","886866100","337640250000","9003740"
"2021/02/03","19603","337","1.75","19343","19707","19058","32298","1210502550","339891185000","9003740"
"2021/02/02","19266","-26","-0.13","19369","19681","19240","31895","1196563200","334038754000","9003740"
"2021/02/01","19292","442","2.34","18850","19629","18694","64146","2384969600","334488941000","9003740"
"2021/01/29","18850","-390","-2.02","19655","19681","18616","73970","2705102750","326835762000","9003740"
"2021/01/28","19240","-78","-0.40","19188","19318","18980","50301","1853605400","333588567000","9003740"
"2021/01/27","19318","-701","-3.50","20174","20174","19318","67555","2551554850","334939128000","9003740"
"2021/01/26","20019","52","0.26","19993","20460","19785","52279","2021236550","347094177000","9003740"
"2021/01/25","19967","130","0.65","19603","20045","19603","67272","2570732050","346193803000","9003740"
"2021/01/22","19837","26","0.13","20070","20070","19681","40620","1544593600","343942868000","9003740"
"2021/01/21","19811","52","0.26","20200","20200","19655","46604","1784093700","343492681000","9003740"
"2021/01/20","19759","-260","-1.30","20226","20226","19707","52307","2008542200","342592307000","9003740"
"2021/01/19","20019","104","0.52","19811","20096","19707","50231","1931114900","347094177000","9003740"
"2021/01/18","19915","26","0.13","19889","20174","19525","89004","3409359600","345293429000","9003740"
"2021/01/15","19889","208","1.06","20019","20019","19395","90691","3450884450","344843242000","9003740"
"2021/01/14","19681","389","2.02","19499","20045","19318","66471","2514089250","341241746000","9003740"
"2021/01/13","19292","234","1.23","19110","19395","19006","28444","1052856000","334488941000","9003740"
"2021/01/12","19058","-182","-0.94","19110","19395","18980","38416","1416392350","330437258000","9003740"
"2021/01/11","19240","-233","-1.20","19525","19681","19084","76340","2847091950","333588567000","9003740"
"2021/01/08","19473","78","0.40","19395","19551","19266","62601","2340656650","337640250000","9003740"
"2021/01/07","19395","-26","-0.13","19343","19681","19343","66995","2511703950","336289689000","9003740"
"2021/01/06","19421","-390","-1.97","19577","19837","19421","77161","2908107400","336739876000","9003740"
"2021/01/05","19811","-337","-1.68","20122","20122","19681","74214","2834445050","343492681000","9003740"
"2021/01/04","20148","-78","-0.39","20278","20278","19499","113391","4366310700","349345112000","9003740"
"2020/12/30","20226","26","0.13","20304","20408","19915","52550","2039558550","350695673000","9003740"
"2020/12/29","20200","311","1.57","19993","20252","19629","62543","2409202450","350245486000","9003740"
"2020/12/28","19889","494","2.54","19577","20070","19188","93801","3540079200","344843242000","9003740"
"2020/12/24","19395","207","1.08","19110","19603","19110","72345","2715845000","336289689000","9003740"
"2020/12/23","19188","-26","-0.14","19421","19473","18954","51871","1917553600","332688193000","9003740"
"2020/12/22","19214","-467","-2.37","19577","19733","19162","56832","2118916050","333138380000","9003740"
"2020/12/21","19681","-26","-0.13","19707","20045","19473","66714","2531119150","341241746000","9003740"
"2020/12/18","19707","312","1.61","19395","19941","19136","75735","2859710600","341691933000","9003740"
"2020/12/17","19395","52","0.27","19369","19525","19240","42988","1607793750","336289689000","9003740"
"2020/12/16","19343","77","0.40","19369","19525","19188","47073","1752827350","335389315000","9003740"
"2020/12/15","19266","78","0.41","19188","19447","19162","51870","1923710700","334038754000","9003740"
"2020/12/14","19188","234","1.23","18954","19343","18928","44632","1648530650","332688193000","9003740"
"2020/12/11","18954","-26","-0.14","19110","19188","18772","87772","3200108400","328636510000","9003740"
"2020/12/10","18980","-727","-3.69","19707","19993","18980","309293","11426919100","329086697000","9003740"
"2020/12/09","19707","-415","-2.06","20174","20382","19655","101744","3891818800","341691933000","9003740"
"2020/12/08","20122","129","0.65","19993","20642","19785","91936","3568226900","348894925000","9003740"
"2020/12/07","19993","-103","-0.52","19889","20356","19733","73298","2830209250","346643990000","9003740"
"2020/12/04","20096","-52","-0.26","20019","20304","19993","74081","2873312850","348444738000","9003740"
"2020/12/03","20148","-234","-1.15","20382","20486","19967","61802","2400076300","349345112000","9003740"
"2020/12/02","20382","-467","-2.24","21031","21031","20174","55032","2163773050","353396795000","9003740"
"2020/12/01","20849","-26","-0.12","20875","21005","20642","50968","2042110000","361500161000","9003740"
"2020/11/30","20875","363","1.77","20538","20953","20174","56080","2230414100","361950348000","9003740"
"2020/11/27","20512","442","2.20","20200","20564","19993","67057","2631706550","355647730000","9003740"
"2020/11/26","20070","311","1.58","19733","20330","19733","40810","1574131700","347994551000","9003740"
"2020/11/25","19759","-467","-2.31","20304","20408","19655","48723","1868725300","342592307000","9003740"
"2020/11/24","20226","181","0.91","20045","20434","19837","39192","1514823150","350695673000","9003740"
"2020/11/23","20045","-441","-2.15","20486","20512","20019","53699","2085655350","347544364000","9003740"
"2020/11/20","20486","675","3.41","19941","20564","19837","84689","3309113700","355197543000","9003740"
"2020/11/19","19811","-78","-0.39","19733","19889","19525","22339","847269200","343492681000","9003740"
"2020/11/18","19889","390","2.00","19525","19889","19369","35202","1331278400","344843242000","9003740"
"2020/11/17","19499","-234","-1.18","19733","19941","18954","38170","1421390000","338090437000","9003740"
"2020/11/16","19733","156","0.80","19681","19863","19162","34695","1302220150","342142120000","9003740"
"2020/11/13","19577","-312","-1.57","19993","20019","19421","42808","1617315800","339440998000","9003740"
"2020/11/12","19889","597","3.10","19447","20045","19343","60985","2328591750","344843242000","9003740"
"2020/11/11","19292","286","1.50","19058","19967","18616","64173","2377182550","334488941000","9003740"
"2020/11/10","19006","-909","-4.56","19447","19915","19006","82248","3055820000","329536884000","9003740"
"2020/11/09","19915","727","3.79","19266","20070","19266","49923","1906507050","345293429000","9003740"
"2020/11/06","19188","-233","-1.20","19681","19681","18850","41736","1545360700","332688193000","9003740"
"2020/11/05","19421","103","0.54","19369","19577","19369","28361","1061870100","336739876000","9003740"
"2020/11/04","19318","-259","-1.33","19707","19707","19136","30128","1119918150","334939128000","9003740"
"2020/11/03","19577","701","3.71","18902","19603","18902","41863","1554517800","339440998000","9003740"
"2020/11/02","18876","-78","-0.41","18954","19136","18591","44273","1595743050","327285949000","9003740"
"2020/10/30","18954","-545","-2.80","19707","19707","18798","29456","1084009850","328636510000","9003740"
"2020/10/29","19499","-78","-0.40","19395","19733","19032","33017","1226436450","338090437000","9003740"
"2020/10/28","19577","363","1.89","19058","19577","19006","18806","699846500","339440998000","9003740"
"2020/10/27","19214","-233","-1.20","19421","19447","19032","54819","2026450550","333138380000","9003740"
"2020/10/26","19447","-649","-3.23","20096","20252","19214","69756","2618992700","337190063000","9003740"
"2020/10/23","20096","77","0.39","20252","20252","19733","29606","1140486400","348444738000","9003740"
"2020/10/22","20019","130","0.65","20382","20849","19889","91026","3578531900","347094177000","9003740"
"2020/10/21","19889","0","0.00","19889","20070","19603","36458","1393362150","344843242000","9003740"
"2020/10/20","19889","52","0.26","19629","19967","19240","56603","2133733850","344843242000","9003740"
"2020/10/19","19837","0","0.00","19863","20019","19395","35148","1340465700","343942868000","9003740"
"2020/10/16","19837","78","0.39","19889","19967","19240","78857","2988049450","343942868000","9003740"
"2020/10/15","19759","-571","-2.81","20278","20382","19733","40796","1563907550","342592307000","9003740"
"2020/10/14","20330","26","0.13","20278","20434","20096","33812","1320856550","352496421000","9003740"
"2020/10/13","20304","-312","-1.51","20616","20668","20252","33287","1305847100","352046234000","9003740"
"2020/10/12","20616","-104","-0.50","20720","20772","20226","65506","2586388300","357448478000","9003740"
"2020/10/08","20720","-285","-1.36","21005","21161","20694","26850","1078077950","359249226000","9003740"
"2020/10/07","21005","26","0.12","21031","21239","20875","25194","1020892250","364201283000","9003740"
"2020/10/06","20979","-130","-0.62","21291","21291","20849","31488","1272344100","363751096000","9003740"
"2020/10/05","21109","52","0.25","21083","21343","21031","27856","1133792850","366002031000","9003740"
"2020/09/29","21057","0","0.00","21395","21395","20979","33030","1343009050","365101657000","9003740"
"2020/09/28","21057","727","3.58","20356","21161","20122","38085","1517937750","365101657000","9003740"
"2020/09/25","20330","-234","-1.14","21291","21291","20122","47078","1860863750","352496421000","9003740"
"2020/09/24","20564","-545","-2.58","20590","21083","20486","55398","2209816400","356548104000","9003740"
"2020/09/23","21109","234","1.12","21161","21343","20045","52256","2091921350","366002031000","9003740"
"2020/09/22","20875","-572","-2.66","21187","21421","20797","60911","2455973200","361950348000","9003740"
"2020/09/21","21447","-623","-2.82","22329","22329","21447","69004","2870407200","371854462000","9003740"
"2020/09/18","22070","234","1.07","21810","22200","21576","40708","1719096850","382658950000","9003740"
"2020/09/17","21836","-493","-2.21","22953","22953","21732","68788","2938952550","378607267000","9003740"
"2020/09/16","22329","-624","-2.71","23030","23082","22303","88322","3836986300","387160820000","9003740"
"2020/09/15","22953","1195","5.49","22226","23212","22070","244524","10735628900","397965308000","9003740"
"2020/09/14","21758","0","0.00","21810","21992","21239","76869","3186162800","377256706000","9003740"
"2020/09/11","21758","-104","-0.48","21706","21888","21213","82252","3407307550","377256706000","9003740"
"2020/09/10","21862","-104","-0.47","22200","22589","21706","92956","3946698000","379057454000","9003740"
"2020/09/09","21966","-649","-2.87","22200","22563","21810","85770","3668610900","380858202000","9003740"
"2020/09/08","22615","-441","-1.91","23368","23368","22537","128657","5627436600","392112877000","9003740"
"2020/09/07","23056","805","3.62","22459","23082","22381","173952","7666478750","399766056000","9003740"
"2020/09/04","22251","-468","-2.06","21810","22745","21680","79229","3394983300","385810259000","9003740"
"2020/09/03","22719","0","0.00","22953","22953","22355","67568","2952053900","393913625000","9003740"
"2020/09/02","22719","-519","-2.23","23108","23238","22277","201140","8758609050","393913625000","9003740"
"2020/09/01","23238","961","4.31","22537","23654","22407","224907","10022554900","402917365000","9003740"
"2020/08/31","22277","-234","-1.04","22641","22641","21706","92935","3973687650","386260446000","9003740"
"2020/08/28","22511","104","0.46","22849","22979","21992","146759","6363949150","390312129000","9003740"
"2020/08/27","22407","753","3.48","21602","22589","21239","193115","8264785500","388511381000","9003740"
"2020/08/26","21654","-312","-1.42","22018","22018","21291","48696","2018861400","375455958000","9003740"
"2020/08/25","21966","260","1.20","21966","21992","21447","86260","3622594650","380858202000","9003740"
"2020/08/24","21706","623","2.96","21109","21914","20746","96476","3998011700","376356332000","9003740"
"2020/08/21","21083","234","1.12","21135","22277","20901","160540","6647449150","365551844000","9003740"
"2020/08/20","20849","-520","-2.43","21369","21369","20408","137122","5494807500","361500161000","9003740"
"2020/08/19","21369","130","0.61","21031","21680","20746","77338","3158152650","370503901000","9003740"
"2020/08/18","21239","-363","-1.68","21602","22407","20979","157449","6527954450","368252966000","9003740"
"2020/08/14","21602","-234","-1.07","22200","22226","21291","105565","4378199450","374555584000","9003740"
"2020/08/13","21836","-441","-1.98","22693","22953","21602","154352","6639660300","378607267000","9003740"
"2020/08/12","22277","-26","-0.12","22849","23186","21836","145637","6319465950","386260446000","9003740"
"2020/08/11","22303","-494","-2.16","22693","22693","22018","123611","5297132350","386710633000","9003740"
"2020/08/10","22797","390","1.74","22849","23783","22485","198687","8856112050","395264186000","9003740"
"2020/08/07","22407","1038","4.86","21680","22745","21447","197690","8478535800","388511381000","9003740"
"2020/08/06","21369","-26","-0.12","21810","21810","20979","95079","3884231250","370503901000","9003740"
"2020/08/05","21395","182","0.86","21291","21836","21187","114117","4731509750","370954088000","9003740"
"2020/08/04","21213","-701","-3.20","22122","22122","21083","116482","4818918400","367802779000","9003740"
"2020/08/03","21914","1117","5.37","21447","22070","21031","141690","5906425800","379957828000","9003740"
"2020/07/31","20797","77","0.38","20642","21239","20460","87676","3544211050","360599787000","9003740"
"2020/07/30","20720","-363","-1.72","21213","21213","20408","96330","3837274900","359249226000","9003740"
"2020/07/29","21083","-597","-2.75","21732","21914","20901","98829","4034182750","365551844000","9003740"
"2020/07/28","21680","-26","-0.12","21758","22070","21083","140383","5840492150","375906145000","9003740"
"2020/07/27","21706","1298","6.36","20564","21940","20564","269255","11151477400","376356332000","9003740"
"2020/07/24","20408","-649","-3.08","20616","20901","20252","111782","4421803800","353846982000","9003740"
"2020/07/23","21057","1090","5.46","20356","21265","19863","226259","8965733500","365101657000","9003740"
"2020/07/22","19967","-207","-1.03","20148","20148","19525","206246","7663010300","346193803000","9003740"
"2020/07/21","20174","493","2.51","19681","20486","19629","117334","4541948300","349795299000","9003740"
"2020/07/20","19681","-182","-0.92","20148","20174","19603","103730","3953909000","341241746000","9003740"
"2020/07/17","19863","-78","-0.39","20148","20148","19655","99980","3809385100","344393055000","9003740"
"2020/07/16","19941","-571","-2.78","20823","20823","19577","138582","5337852350","345743616000","9003740"
"2020/07/15","20512","26","0.13","20408","20927","20122","100891","3981441950","355647730000","9003740"
"2020/07/14","20486","-753","-3.55","21187","21239","20408","121337","4846785750","355197543000","9003740"
"2020/07/13","21239","467","2.25","20953","21810","20512","240764","9801942400","368252966000","9003740"
"2020/07/10","20772","624","3.09","20460","21005","20148","178392","7099656350","360149600000","9003740"
"2020/07/09","20148","-156","-0.77","20356","20434","19733","144110","5578390450","349345112000","9003740"
"2020/07/08","20304","831","4.27","19577","20382","19499","175740","6777008200","352046234000","9003740"
"2020/07/07","19473","467","2.46","19240","20122","18850","262073","9850977000","337640250000","9003740"
"2020/07/06","19006","104","0.55","19136","19136","18383","159488","5756561850","329536884000","9003740"
"2020/07/03","18902","1194","6.74","17915","18902","17760","201194","7154060400","327736136000","9003740"
"2020/07/02","17708","130","0.74","17708","18071","17630","93719","3215941450","307027534000","9003740"
"2020/07/01","17578","-415","-2.31","18227","18383","17396","146602","5050531850","304776599000","9003740"
"2020/06/30","17993","-598","-3.21","18513","18798","17604","216491","7560848600","311979591000","9003740"
"2020/06/29","18591","104","0.56","18279","18876","17786","222017","7881550650","322333892000","9003740"
"2020/06/26","18487","234","1.28","18694","19136","18019","407364","14473435600","320533144000","9003740"
"2020/06/25","18253","1324","7.82","16773","18642","16643","576681","19811997800","316481461000","9003740"
"2020/06/24","16929","156","0.93","17292","17318","16539","169447","5522591050","293521924000","9003740"
"2020/06/23","16773","-52","-0.31","16695","16903","15942","221501","7062305950","290820802000","9003740"
"2020/06/22","16825","1402","9.09","16046","17007","16046","429020","13775504000","291721176000","9003740"
"2020/06/19","15423","-311","-1.98","15864","15942","15189","120893","3582880000","267411078000","9003740"
"2020/06/18","15734","-416","-2.57","16150","16410","15657","88685","2716315850","272813322000","9003740"
"2020/06/17","16150","-415","-2.51","16565","16617","15786","105846","3289577550","280016314000","9003740"
"2020/06/16","16565","779","4.93","16202","16591","15916","141509","4415144100","287219306000","9003740"
"2020/06/15","15786","-442","-2.72","16487","17033","15683","349491","11151458300","273713696000","9003740"
"2020/06/12","16228","312","1.96","15163","16228","14930","111466","3395342850","281366875000","9003740"
"2020/06/11","15916","52","0.33","15864","16098","15605","73769","2261683850","275964631000","9003740"
"2020/06/10","15864","-208","-1.29","16124","16358","15734","86654","2672134300","275064257000","9003740"
"2020/06/09","16072","104","0.65","16020","16072","15475","118250","3596899500","278665753000","9003740"
"2020/06/08","15968","-416","-2.54","16617","16617","15890","146812","4534953650","276865005000","9003740"
"2020/06/05","16384","78","0.48","16306","16695","16098","115435","3632606600","284067997000","9003740"
"2020/06/04","16306","-259","-1.57","16617","16643","15994","167234","5227329750","282717436000","9003740"
"2020/06/03","16565","-312","-1.85","16981","17111","16124","162882","5156081000","287219306000","9003740"
"2020/06/02","16877","0","0.00","17214","17214","16565","128444","4150339150","292621550000","9003740"
"2020/06/01","16877","182","1.09","17137","17422","16721","233211","7650748450","292621550000","9003740"
"2020/05/29","16695","363","2.23","16280","16903","16098","144570","4627886250","289470241000","9003740"
"2020/05/28","16332","-493","-2.93","16825","16851","15838","252609","7895439750","283167623000","9003740"
"2020/05/27","16825","-519","-2.99","17188","17318","16410","194050","6287246450","291721176000","9003740"
"2020/05/26","17344","-156","-0.89","17604","17812","17033","166690","5613541800","300724916000","9003740"
"2020/05/25","17500","779","4.66","17188","18019","16955","384017","12904131500","303426038000","9003740"
"2020/05/22","16721","-52","-0.31","16565","16903","16332","100653","3216390650","289920428000","9003740"
"2020/05/21","16773","234","1.41","16669","17007","16280","166869","5347772850","290820802000","9003740"
"2020/05/20","16539","-182","-1.09","16591","16877","16410","130594","4177104300","286769119000","9003740"
"2020/05/19","16721","-286","-1.68","17448","17448","15708","265463","8420528650","289920428000","9003740"
"2020/05/18","17007","-441","-2.53","17656","17734","16929","143471","4734129700","294872485000","9003740"
"2020/05/15","17448","52","0.30","17448","17786","16695","182306","6073241450","302525664000","9003740"
"2020/05/14","17396","805","4.85","16643","17500","16384","279782","9167883800","301625290000","9003740"
"2020/05/13","16591","1220","7.94","15345","16877","15163","387458","12108064550","287669493000","9003740"
"2020/05/12","15371","260","1.72","15241","15683","14488","278458","8151634300","266510704000","9003740"
"2020/05/11","15111","104","0.69","15085","15371","14826","113026","3281821550","262008834000","9003740"
"2020/05/08","15007","-26","-0.17","15033","15163","14722","92912","2664198000","260208086000","9003740"
"2020/05/07","15033","78","0.52","15007","15475","14852","141309","4134572050","260658273000","9003740"
"2020/05/06","14955","623","4.35","14488","15371","14384","378501","10921300050","259307712000","9003740"
"2020/05/04","14332","623","4.55","13450","14644","13190","334044","9140818000","248503224000","9003740"
"2020/04/29","13709","-26","-0.19","13761","14125","13553","118819","3160931300","237698736000","9003740"
"2020/04/28","13735","-52","-0.38","13813","14021","13553","106865","2821030750","238148923000","9003740"
"2020/04/27","13787","0","0.00","14203","14410","13683","286020","7726229050","239049297000","9003740"
"2020/04/24","13787","493","3.71","13242","14151","13060","400233","10576892550","239049297000","9003740"
"2020/04/23","13294","0","0.00","13398","13476","13008","133032","3387720900","230495744000","9003740"
"2020/04/22","13294","442","3.43","12619","13631","12619","269841","6886707500","230495744000","9003740"
"2020/04/21","12852","-78","-0.60","12800","13242","12022","178218","4410631050","222842565000","9003740"
"2020/04/20","12930","130","1.01","12878","13190","12671","159228","3972790950","224193126000","9003740"
"2020/04/17","12800","-286","-2.18","13086","13164","12463","156093","3835441000","221942191000","9003740"
"2020/04/16","13086","26","0.20","13034","13320","12723","175641","4410625550","226894248000","9003740"
"2020/04/14","13060","519","4.14","12774","13216","12619","229215","5722843900","226444061000","9003740"
"2020/04/13","12541","364","2.99","12463","13190","12437","447814","11052321800","217440321000","9003740"
"2020/04/10","12177","493","4.22","11788","12437","11580","181559","4225571450","211137703000","9003740"
"2020/04/09","11684","-182","-1.53","11866","11996","11554","102982","2321591100","202584150000","9003740"
"2020/04/08","11866","-389","-3.18","12255","12281","11866","79664","1837409100","205735459000","9003740"
"2020/04/07","12255","-156","-1.26","12515","12593","11996","124924","2927898700","212488264000","9003740"
"2020/04/06","12411","831","7.17","11580","12463","11580","179645","4202092350","215189386000","9003740"
"2020/04/03","11580","52","0.45","11840","12047","11450","118637","2675608050","200783402000","9003740"
"2020/04/02","11528","285","2.54","11269","11736","11061","84744","1870655550","199883028000","9003740"
"2020/04/01","11243","-233","-2.04","11502","11892","11087","160362","3566879200","194930971000","9003740"
"2020/03/31","11476","-78","-0.67","11840","12151","11165","202222","4477187400","198982654000","9003740"
"2020/03/30","11554","831","7.75","10542","11866","10256","136563","2946936450","200333215000","9003740"
"2020/03/27","10723","753","7.55","10282","11035","10152","171736","3474757650","185927231000","9003740"
"2020/03/26","9970","-260","-2.54","10230","10464","9892","117770","2297099700","172871808000","9003740"
"2020/03/25","10230","0","0.00","10438","10697","9996","76884","1533703100","177373678000","9003740"
"2020/03/24","10230","597","6.20","9918","10386","9659","69230","1327986300","177373678000","9003740"
"2020/03/23","9633","-1272","-11.67","10178","10568","9269","150492","2842973100","167019377000","9003740"
"2020/03/20","10905","337","3.19","10957","11035","10204","74933","1542972650","189078540000","9003740"
"2020/03/19","10568","-804","-7.08","11632","11788","9970","149742","3063597800","183226109000","9003740"
"2020/03/18","11372","-572","-4.78","11944","12411","11320","69187","1588634000","197181906000","9003740"
"2020/03/17","11944","649","5.75","10853","11944","10801","146708","3241153800","207086020000","9003740"
"2020/03/16","11295","52","0.46","11450","11944","11165","135134","3039046750","195831345000","9003740"
"2020/03/13","11243","-934","-7.68","11580","11684","10568","125150","2676894200","194930971000","9003740"
"2020/03/12","12177","-338","-2.70","12411","12463","11398","134774","3063850750","211137703000","9003740"
"2020/03/11","12515","-234","-1.83","12671","12671","12022","90225","2148872450","216990134000","9003740"
"2020/03/10","12749","52","0.41","12515","13060","12203","130436","3174339550","221041817000","9003740"
"2020/03/09","12697","-259","-2.00","12904","12956","12463","87415","2141894450","220141443000","9003740"
"2020/03/06","12956","-104","-0.80","12826","13190","12800","67634","1691568500","224643313000","9003740"
"2020/03/05","13060","493","3.93","12723","13164","12489","160923","4007681300","226444061000","9003740"
"2020/03/04","12567","130","1.04","12411","12723","12229","62697","1503938700","217890508000","9003740"
"2020/03/03","12437","-26","-0.21","12697","12749","12047","147823","3518917150","215639573000","9003740"
"2020/03/02","12463","1272","11.37","11243","12593","11243","236477","5547214100","216089760000","9003740"
"2020/02/28","11191","-337","-2.93","11346","11684","10957","89243","1948192500","194030597000","9003740"
"2020/02/27","11528","-442","-3.69","11866","12281","11502","62463","1418143650","199883028000","9003740"
"2020/02/26","11970","-493","-3.96","12463","12463","11970","60053","1401513850","207536207000","9003740"
"2020/02/25","12463","208","1.69","12229","12619","11970","53180","1260247800","216089760000","9003740"
"2020/02/24","12255","-78","-0.63","12047","12593","11944","122156","2905210650","212488264000","9003740"
"2020/02/21","12333","-78","-0.63","12125","12774","12125","87948","2122452150","213838825000","9003740"
"2020/02/20","12411","-130","-1.04","12541","12671","12281","42850","1031238050","215189386000","9003740"
"2020/02/19","12541","364","2.99","12099","12697","12022","69830","1671120850","217440321000","9003740"
"2020/02/18","12177","-26","-0.21","12255","12567","12047","42200","990714000","211137703000","9003740"
"2020/02/17","12203","52","0.43","12229","12307","11996","59055","1376057100","211587890000","9003740"
"2020/02/14","12151","-234","-1.89","12385","12411","11944","79700","1862172850","210687516000","9003740"
"2020/02/13","12385","-182","-1.45","12593","12593","12203","40644","965084850","214739199000","9003740"
"2020/02/12","12567","-78","-0.62","12645","12697","12333","72859","1759528100","217890508000","9003740"
"2020/02/11","12645","468","3.84","12411","12749","12255","163474","3967708000","219241069000","9003740"
"2020/02/10","12177","-182","-1.47","12463","12593","11996","118355","2778789050","211137703000","9003740"
"2020/02/07","12359","208","1.71","12203","12697","12203","110826","2659069400","214289012000","9003740"
"2020/02/06","12151","104","0.86","12229","12593","12047","170770","4060421250","210687516000","9003740"
"2020/02/05","12047","-312","-2.52","12359","12385","11684","164384","3817848500","208886768000","9003740"
"2020/02/04","12359","493","4.16","12073","12359","11996","106627","2511603650","214289012000","9003740"
"2020/02/03","11866","364","3.16","11502","11996","11165","120372","2716216650","205735459000","9003740"
"2020/01/31","11502","233","2.07","11269","11736","11191","84411","1880952200","199432841000","9003740"
"2020/01/30","11269","0","0.00","11191","11450","10983","61470","1333585800","195381158000","9003740"
"2020/01/29","11269","-77","-0.69","11684","11684","11113","45744","999575550","195381158000","9003740"
"2020/01/28","11346","-156","-1.35","11165","11502","10931","78715","1713903000","196731719000","9003740"
"2020/01/23","11502","26","0.23","11424","11554","11295","44894","984255700","199432841000","9003740"
"2020/01/22","11476","493","4.49","11139","11580","11087","95047","2083207450","198982654000","9003740"
"2020/01/21","10983","26","0.24","10957","11087","10879","31575","668599350","190429101000","9003740"
"2020/01/20","10957","208","1.93","10749","11165","10749","50700","1074298150","189978914000","9003740"
"2020/01/17","10749","-26","-0.24","10775","11035","10697","36115","755958300","186377418000","9003740"
"2020/01/16","10775","-208","-1.89","11113","11165","10697","50721","1058514600","186827605000","9003740"
"2020/01/15","10983","364","3.42","10619","11009","10593","69246","1447515000","190429101000","9003740"
"2020/01/14","10619","-156","-1.45","10775","10879","10619","27199","559914150","184126483000","9003740"
"2020/01/13","10775","389","3.75","10386","10905","10360","71373","1465261550","186827605000","9003740"
"2020/01/10","10386","286","2.83","10074","10516","10022","52696","1051953300","180074800000","9003740"
"2020/01/09","10100","78","0.78","10256","10256","10022","22004","428189850","175122743000","9003740"
"2020/01/08","10022","-260","-2.53","10178","10230","9970","46043","890997450","173772182000","9003740"
"2020/01/07","10282","52","0.51","10334","10464","10178","29835","589495950","178274052000","9003740"
"2020/01/06","10230","-415","-3.90","10568","10619","10204","55556","1106149750","177373678000","9003740"
"2020/01/03","10645","0","0.00","10542","10775","10542","23733","487848050","184576670000","9003740"
"2020/01/02","10645","207","1.99","10490","10697","10412","40295","821838900","184576670000","9003740"
"2019/12/30","10438","52","0.50","10386","10516","10360","23537","472704600","180975174000","9003740"
"2019/12/27","10386","52","0.50","10334","10464","10282","40071","798090700","180074800000","9003740"
"2019/12/26","10334","104","1.02","10152","10386","9996","98803","1949768500","179174426000","9003740"
"2019/12/24","10230","-156","-1.50","10308","10386","10230","13170","260576500","177373678000","9003740"
"2019/12/23","10386","52","0.50","10386","10464","10256","20978","418460300","180074800000","9003740"
"2019/12/20","10334","-78","-0.75","10412","10542","10230","28300","561157550","179174426000","9003740"
"2019/12/19","10412","-130","-1.23","10619","10619","10360","11865","238496950","180524987000","9003740"
"2019/12/18","10542","52","0.50","10490","10593","10438","9173","185597150","182775922000","9003740"
"2019/12/17","10490","-26","-0.25","10645","10645","10412","15285","308227550","181875548000","9003740"
"2019/12/16","10516","26","0.25","10516","10671","10490","15651","317922150","182325735000","9003740"
"2019/12/13","10490","104","1.00","10386","10593","10386","18657","377070400","181875548000","9003740"
"2019/12/12","10386","-52","-0.50","10619","10645","10334","17437","349738750","180074800000","9003740"
"2019/12/11","10438","52","0.50","10464","10671","10282","48337","981902850","180975174000","9003740"
"2019/12/10","10386","130","1.27","10152","10386","10152","8738","173519850","180074800000","9003740"
"2019/12/09","10256","-182","-1.74","10464","10593","10152","25598","507412050","177823865000","9003740"
"2019/12/06","10438","208","2.03","10386","10568","10256","20981","422067900","180975174000","9003740"
"2019/12/05","10230","-208","-1.99","10412","10464","10100","36685","721969400","177373678000","9003740"
"2019/12/04","10438","52","0.50","10386","10464","10282","20501","407816400","180975174000","9003740"
"2019/12/03","10386","-104","-0.99","10542","10542","10230","21909","436733000","180074800000","9003740"
"2019/12/02","10490","78","0.75","10490","10697","10438","19755","401488550","181875548000","9003740"
"2019/11/29","10412","-130","-1.23","10593","10697","10412","40443","817409100","180524987000","9003740"
"2019/11/28","10542","-103","-0.98","10593","10697","10490","22265","452165200","182775922000","9003740"
"2019/11/27","10645","-104","-0.97","10749","10749","10490","29093","592867200","184576670000","9003740"
"2019/11/26","10749","78","0.73","10801","10801","10593","30936","637631100","186377418000","9003740"
"2019/11/25","10671","26","0.24","10645","10879","10568","60305","1243391950","185026857000","9003740"
"2019/11/22","10645","-130","-1.20","10775","10905","10593","29774","613356650","184576670000","9003740"
"2019/11/21","10775","-208","-1.89","11061","11061","10516","33663","694510350","186827605000","9003740"
"2019/11/20","10983","-467","-4.08","11476","11554","10957","40966","881265300","190429101000","9003740"
"2019/11/19","11450","-286","-2.43","11762","11762","11450","25103","557700800","198532467000","9003740"
"2019/11/18","11736","208","1.80","11554","11736","11346","57855","1290726550","203484524000","9003740"
"2019/11/15","11528","337","3.02","11269","11736","11269","84991","1894273550","199883028000","9003740"
"2019/11/14","11191","-129","-1.15","11424","11424","11165","26628","577652800","194030597000","9003740"
"2019/11/13","11320","-26","-0.23","11346","11476","11113","34349","743379800","196281532000","9003740"
"2019/11/12","11346","103","0.92","11243","11372","11191","14456","313939500","196731719000","9003740"
"2019/11/11","11243","-129","-1.14","11346","11606","11165","48607","1063456500","194930971000","9003740"
"2019/11/08","11372","52","0.46","11320","11632","11243","53076","1164972950","197181906000","9003740"
"2019/11/07","11320","0","0.00","11320","11346","11113","40184","869232700","196281532000","9003740"
"2019/11/06","11320","571","5.31","10801","11580","10801","126822","2755391400","196281532000","9003740"
"2019/11/05","10749","-156","-1.43","11009","11009","10645","41942","872496400","186377418000","9003740"
"2019/11/04","10905","0","0.00","11061","11061","10775","60901","1278247150","189078540000","9003740"
"2019/11/01","10905","467","4.48","10412","11009","10334","146444","3052686300","189078540000","9003740"
"2019/10/31","10438","260","2.55","10152","10464","10126","47826","946507250","180975174000","9003740"
"2019/10/30","10178","-104","-1.01","10256","10386","10126","43773","859570300","176473304000","9003740"
"2019/10/29","10282","0","0.00","10334","10334","10178","22096","436065750","178274052000","9003740"
"2019/10/28","10282","-78","-0.75","10282","10593","10256","32028","638683200","178274052000","9003740"
"2019/10/25","10360","-337","-3.16","10568","10749","10308","44680","902528700","179624613000","9003740"
"2019/10/24","10697","26","0.24","10827","10853","10593","45715","942402400","185477044000","9003740"
"2019/10/23","10671","207","1.99","10490","10697","10412","90734","1853085100","185026857000","9003740"
"2019/10/22","10464","26","0.25","10386","10516","10282","51869","1039357050","181425361000","9003740"
"2019/10/21","10438","260","2.55","10542","10568","10308","104778","2107139050","180975174000","9003740"
"2019/10/18","10178","52","0.51","10126","10464","10074","61606","1215961200","176473304000","9003740"
"2019/10/17","10126","-130","-1.27","10256","10360","10048","26292","514979150","175572930000","9003740"
"2019/10/16","10256","208","2.07","10048","10308","9970","31549","614685400","177823865000","9003740"
"2019/10/15","10048","104","1.04","9918","10204","9918","24999","486843250","174222369000","9003740"
"2019/10/14","9944","26","0.26","10022","10126","9815","17221","330557300","172421621000","9003740"
"2019/10/11","9918","0","0.00","9892","10022","9815","13624","259954300","171971434000","9003740"
"2019/10/10","9918","-104","-1.04","9918","9970","9737","23759","450310750","171971434000","9003740"
"2019/10/08","10022","0","0.00","9970","10074","9918","10818","208123700","173772182000","9003740"
"2019/10/07","10022","207","2.12","9866","10074","9789","18740","357551550","173772182000","9003740"
"2019/10/04","9815","-233","-2.33","9996","10048","9815","18724","357395350","170170686000","9003740"
"2019/10/02","10048","-182","-1.78","10022","10230","9892","26959","520172300","174222369000","9003740"
"2019/10/01","10230","208","2.07","9918","10230","9918","25755","502195750","177373678000","9003740"
"2019/09/30","10022","52","0.52","9970","10152","9841","41963","807050550","173772182000","9003740"
"2019/09/27","9970","-78","-0.78","9944","10126","9944","24608","474166150","172871808000","9003740"
"2019/09/26","10048","-78","-0.77","10230","10230","9841","74418","1434061400","174222369000","9003740"
"2019/09/25","10126","-312","-2.99","10412","10438","10048","40367","794867600","175572930000","9003740"
"2019/09/24","10438","26","0.25","10412","10542","10230","30760","614917350","180975174000","9003740"
"2019/09/23","10412","-259","-2.43","10593","10645","10412","27478","554163550","180524987000","9003740"
"2019/09/20","10671","103","0.98","10568","10853","10464","50590","1033760200","185026857000","9003740"
"2019/09/19","10568","-207","-1.93","10801","11113","10542","100085","2087806350","183226109000","9003740"
"2019/09/18","10775","441","4.27","10568","10957","10360","190150","3930947600","186827605000","9003740"
"2019/09/17","10334","208","2.05","10048","10360","9841","73064","1415258150","179174426000","9003740"
"2019/09/16","10126","26","0.26","10178","10256","9944","43260","835958150","175572930000","9003740"
"2019/09/11","10100","182","1.83","9970","10152","9841","42360","814716600","175122743000","9003740"
"2019/09/10","9918","-338","-3.29","10204","10334","9866","68604","1325130000","171971434000","9003740"
"2019/09/09","10256","-182","-1.74","10490","10697","10178","51610","1033965100","177823865000","9003740"
"2019/09/06","10438","26","0.25","10490","10593","10230","39581","797163750","180975174000","9003740"
"2019/09/05","10412","-78","-0.74","10749","10749","10178","87283","1757542600","180524987000","9003740"
"2019/09/04","10490","182","1.76","10230","10490","10100","78678","1561252150","181875548000","9003740"
"2019/09/03","10308","0","0.00","10308","10464","10126","55834","1112095150","178724239000","9003740"
"2019/09/02","10308","623","6.43","9685","10360","9633","104100","2025503250","178724239000","9003740"
"2019/08/30","9685","312","3.32","9711","9789","9529","74346","1382771650","167919751000","9003740"
"2019/08/29","9373","-234","-2.43","9503","9737","9217","80620","1450896150","162517507000","9003740"
"2019/08/28","9607","52","0.54","9607","9711","9347","66077","1208598850","166569190000","9003740"
"2019/08/27","9555","-234","-2.39","9944","10022","9451","57699","1077507400","165668816000","9003740"
"2019/08/26","9789","-337","-3.33","9841","10100","9659","41269","785647750","169720499000","9003740"
"2019/08/23","10126","-156","-1.52","10126","10360","10022","32081","632736850","175572930000","9003740"
"2019/08/22","10282","-78","-0.75","10360","10957","10256","132177","2704429550","178274052000","9003740"
"2019/08/21","10360","156","1.53","10204","10593","10100","75909","1526281750","179624613000","9003740"
"2019/08/20","10204","779","8.26","9763","10256","9607","110247","2110303300","176923491000","9003740"
"2019/08/19","9425","-234","-2.42","9789","9866","9269","108814","1983289550","163417881000","9003740"
"2019/08/16","9659","-493","-4.86","10282","10282","9321","244939","4508067300","167469564000","9003740"
"2019/08/14","10152","-182","-1.76","10490","11113","9607","149650","3003745250","176023117000","9003740"
"2019/08/13","10334","-285","-2.69","10619","10645","10178","81355","1614800750","179174426000","9003740"
"2019/08/12","10619","-130","-1.21","10983","10983","10386","58799","1198471100","184126483000","9003740"
"2019/08/09","10749","130","1.22","10775","10983","10645","34592","719329700","186377418000","9003740"
"2019/08/08","10619","545","5.41","10386","10879","10308","72148","1472770100","184126483000","9003740"
"2019/08/07","10074","-104","-1.02","10178","10645","9918","78253","1534712300","174672556000","9003740"
"2019/08/06","10178","-441","-4.16","9996","10957","9944","72542","1448957250","176473304000","9003740"
"2019/08/05","10619","-494","-4.44","11061","11243","10204","39573","810827350","184126483000","9003740"
"2019/08/02","11113","-182","-1.61","11087","11320","10931","26467","564306550","192680036000","9003740"
"2019/08/01","11295","-207","-1.81","11165","11606","11139","29544","649116200","195831345000","9003740"
"2019/07/31","11502","78","0.68","11320","11502","10957","50440","1092675100","199432841000","9003740"
"2019/07/30","11424","649","6.02","10490","11502","10490","59892","1291570700","198082280000","9003740"
"2019/07/29","10775","-442","-3.94","11009","11113","10671","48410","1010343900","186827605000","9003740"
"2019/07/26","11217","-103","-0.92","11165","11269","10801","73361","1552033600","194480784000","9003740"
"2019/07/25","11320","-468","-3.96","11658","11892","11113","79775","1740633750","196281532000","9003740"
"2019/07/24","11788","-389","-3.20","12047","12255","11788","45322","1041607400","204384898000","9003740"
"2019/07/23","12177","-52","-0.42","12151","12333","11866","34251","801016850","211137703000","9003740"
"2019/07/22","12229","182","1.51","11970","12281","11944","24947","585522850","212038077000","9003740"
"2019/07/19","12047","-52","-0.43","12022","12281","12022","30739","718034050","208886768000","9003740"
"2019/07/18","12099","-156","-1.27","12333","12333","11996","32426","755993650","209787142000","9003740"
"2019/07/17","12255","-312","-2.48","12489","12515","12047","44135","1042698950","212488264000","9003740"
"2019/07/16","12567","390","3.20","12099","12567","11996","92917","2227675400","217890508000","9003740"
"2019/07/15","12177","-286","-2.29","12463","12463","12022","24968","584633200","211137703000","9003740"
"2019/07/12","12463","52","0.42","12411","12515","12177","33813","806226650","216089760000","9003740"
"2019/07/11","12411","208","1.70","12437","12541","12203","51438","1223950750","215189386000","9003740"
"2019/07/10","12203","337","2.84","11970","12359","11814","76677","1788031300","211587890000","9003740"
"2019/07/09","11866","-52","-0.44","12177","12255","11606","70312","1617061000","205735459000","9003740"
"2019/07/08","11918","-519","-4.18","12437","12463","11580","58399","1335698250","206635833000","9003740"
"2019/07/05","12437","26","0.21","12307","12619","11944","51163","1209906300","215639573000","9003740"
"2019/07/04","12411","208","1.70","12281","12593","12125","64129","1534093100","215189386000","9003740"
"2019/07/03","12203","233","1.95","11970","12203","11814","40256","934822650","211587890000","9003740"
"2019/07/02","11970","0","0.00","12099","12437","11840","95787","2233762900","207536207000","9003740"
"2019/07/01","11970","416","3.60","11632","12073","11632","108086","2479315150","207536207000","9003740"
"2019/06/28","11554","415","3.73","11139","11892","11113","129620","2892876250","200333215000","9003740"
"2019/06/27","11139","-207","-1.83","11372","11398","10853","112109","2382557700","193130223000","9003740"
"2019/06/26","11346","-338","-2.89","11632","11788","11165","65183","1423504450","196731719000","9003740"
"2019/06/25","11684","-260","-2.17","11892","12125","11424","47728","1070008050","202584150000","9003740"
"2019/06/24","11944","-233","-1.92","12203","12437","11684","51045","1182381550","207086020000","9003740"
"2019/06/21","12177","181","1.52","12047","12385","11970","55234","1294848600","211137703000","9003740"
"2019/06/20","11996","-233","-1.91","12411","12411","11788","70231","1627087850","207986394000","9003740"
"2019/06/19","12229","493","4.20","11918","12697","11736","101698","2381409050","212038077000","9003740"
"2019/06/18","11736","-311","-2.59","11892","11996","11658","31021","705234800","203484524000","9003740"
"2019/06/17","12047","-468","-3.73","12697","12697","11762","89241","2069001400","208886768000","9003740"
"2019/06/14","12515","-234","-1.83","12852","12930","12385","70555","1710297100","216990134000","9003740"
"2019/06/13","12749","442","3.59","12255","12982","12255","203191","4983178150","221041817000","9003740"
"2019/06/12","12307","597","5.10","12022","12619","11918","163407","3850199500","213388638000","9003740"
"2019/06/11","11710","441","3.92","11243","11944","11087","58333","1309352500","203034337000","9003740"
"2019/06/10","11269","312","2.84","11035","11320","10905","30760","661339650","195381158000","9003740"
"2019/06/07","10957","-104","-0.94","10983","11139","10931","31332","664198500","189978914000","9003740"
"2019/06/05","11061","-52","-0.47","11554","11554","10931","25287","544618800","191779662000","9003740"
"2019/06/04","11113","-78","-0.70","11035","11295","10905","26062","555633200","192680036000","9003740"
"2019/06/03","11191","-26","-0.23","11269","11372","10983","23866","510920050","194030597000","9003740"
"2019/05/31","11217","598","5.62","10697","11554","10645","76322","1659448350","194480784000","9003740"
"2019/05/30","10619","-494","-4.44","11035","11269","10568","73883","1536113100","184126483000","9003740"
"2019/05/29","11113","-441","-3.82","11580","11658","11087","29521","635565400","192680036000","9003740"
"2019/05/28","11554","311","2.77","11243","11606","10983","36332","793127300","200333215000","9003740"
"2019/05/27","11243","-493","-4.20","11840","11840","11243","42605","934584700","194930971000","9003740"
"2019/05/24","11736","-363","-3.00","11944","12047","11424","62456","1406687350","203484524000","9003740"
"2019/05/23","12099","-78","-0.64","12125","12281","12099","23073","541121500","209787142000","9003740"
"2019/05/22","12177","0","0.00","12385","12385","11996","20826","488049850","211137703000","9003740"
"2019/05/21","12177","-78","-0.64","12255","12515","12099","32494","771671900","211137703000","9003740"
"2019/05/20","12255","-130","-1.05","12307","12619","12073","64565","1542601750","212488264000","9003740"
"2019/05/17","12385","-286","-2.25","12826","12930","12203","48998","1182029350","214739199000","9003740"
"2019/05/16","12671","0","0.00","12697","12878","12281","95536","2322314450","219691256000","9003740"
"2019/05/15","12671","935","7.96","11762","12697","11320","143489","3394397000","219691256000","9003740"
"2019/05/14","11736","130","1.12","11269","11840","11269","36771","822369900","203484524000","9003740"
"2019/05/13","11606","-182","-1.54","11840","11866","11502","38134","856050750","201233589000","9003740"
"2019/05/10","11788","-26","-0.22","11840","12125","11528","76098","1728587900","204384898000","9003740"
"2019/05/09","11814","-649","-5.21","12359","12515","11814","94401","2202713450","204835085000","9003740"
"2019/05/08","12463","-260","-2.04","12489","12671","12359","130193","3122984900","216089760000","9003740"
"2019/05/07","12723","-207","-1.61","12723","13190","12463","98131","2430310600","220591630000","9003740"
"2019/05/03","12930","207","1.63","12671","13294","12567","220230","5521411650","224193126000","9003740"
"2019/05/02","12723","208","1.66","12437","12774","12385","91511","2223817300","220591630000","9003740"
"2019/04/30","12515","-130","-1.03","12645","12671","12229","89119","2128889250","216990134000","9003740"
"2019/04/29","12645","0","0.00","12878","12878","12073","126031","2997140850","219241069000","9003740"
"2019/04/26","12645","-519","-3.94","13060","13190","12567","120102","2964026200","219241069000","9003740"
"2019/04/25","13164","545","4.32","12774","13190","12723","145536","3643057100","228244809000","9003740"
"2019/04/24","12619","-311","-2.41","13164","13216","12619","104199","2572825800","218790882000","9003740"
"2019/04/23","12930","-571","-4.23","13372","13450","12904","210010","5298121350","224193126000","9003740"
"2019/04/22","13501","77","0.58","13631","13631","12956","176602","4520676550","234097240000","9003740"
"2019/04/19","13424","494","3.82","13164","13631","13112","260004","6687131350","232746679000","9003740"
"2019/04/18","12930","0","0.00","13034","13501","12723","479052","12072803650","224193126000","9003740"
"2019/04/17","12930","1168","9.93","11866","13112","11866","599414","14635118500","224193126000","9003740"
"2019/04/16","11762","-260","-2.16","12022","12022","11554","108965","2454399500","203934711000","9003740"
"2019/04/15","12022","-233","-1.91","12255","12567","11918","106422","2488299650","208436581000","9003740"
"2019/04/12","12255","-78","-0.63","12203","12333","12073","56441","1325328600","212488264000","9003740"
"2019/04/11","12333","-312","-2.46","12723","12774","12307","89323","2136700400","213838825000","9003740"
"2019/04/10","12645","546","4.51","11996","12723","11970","119916","2879545300","219241069000","9003740"
"2019/04/09","12099","-260","-2.10","12463","12463","12047","50961","1194188450","209787142000","9003740"
"2019/04/08","12359","104","0.85","12333","12463","11970","94053","2211561200","214289012000","9003740"
"2019/04/05","12255","-130","-1.05","12463","12463","11814","91235","2128570350","212488264000","9003740"
"2019/04/04","12385","441","3.70","12047","12411","11970","117451","2775889950","214739199000","9003740"
"2019/04/03","11944","0","0.00","12047","12073","11658","90845","2079372000","207086020000","9003740"
"2019/04/02","11944","-415","-3.36","12359","12541","11788","140733","3244331800","207086020000","9003740"
"2019/04/01","12359","208","1.71","12073","12619","12073","145022","3441753650","214289012000","9003740"
"2019/03/29","12151","-468","-3.70","12463","12567","11762","174784","4072685450","210687516000","9003740"
"2019/03/28","12619","-441","-3.38","13086","13190","12437","146321","3561113700","218790882000","9003740"
"2019/03/27","13060","-364","-2.71","13424","13476","12956","139731","3536279800","226444061000","9003740"
"2019/03/26","13424","1065","8.61","12411","13579","12411","335591","8437982750","232746679000","9003740"
"2019/03/25","12359","-364","-2.86","12463","12878","12333","166200","4032713900","214289012000","9003740"
"2019/03/22","12723","-26","-0.20","12749","12930","12333","186225","4527806850","220591630000","9003740"
"2019/03/21","12749","-493","-3.73","13190","13242","12411","344847","8427703100","221041817000","9003740"
"2019/03/20","13242","-545","-3.95","14047","14073","12645","490396","12383315750","229595370000","9003740"
"2019/03/19","13787","441","3.31","13657","14151","13190","574839","15174005250","239049297000","9003740"
"2019/03/18","13346","1221","10.06","12177","13346","12073","717307","17712872500","231396118000","9003740"
"2019/03/15","12125","-286","-2.30","12463","12489","12047","262455","6175659000","210237329000","9003740"
"2019/03/14","12411","338","2.80","12099","12541","11970","253843","6000925150","215189386000","9003740"
"2019/03/13","12073","285","2.42","12307","12982","11866","838069","20017078900","209336955000","9003740"
"2019/03/12","11788","26","0.22","11736","11892","11476","398856","9010058300","204384898000","9003740"
"2019/03/11","11762","1454","14.11","10516","11762","10438","1075934","23464904650","203934711000","9003740"
"2019/03/08","10308","52","0.51","10256","10671","10048","138594","2781642550","178724239000","9003740"
"2019/03/07","10256","52","0.51","10074","10593","10074","144751","2890662350","177823865000","9003740"
"2019/03/06","10204","-78","-0.76","10490","10645","9996","110209","2170752900","176923491000","9003740"
"2019/03/05","10282","52","0.51","10230","10438","10074","81109","1597273700","178274052000","9003740"